Order Number,Order Charged Date,Order Charged Timestamp,Financial Status,Device Model,Product Title,Product ID,Product Type,SKU ID,Currency of Sale,Item Price,Taxes Collected,Charged Amount,City of Buyer,State of Buyer,Postal Code of Buyer,Country of Buyer,Base Plan ID,Offer ID,Group ID,First USD 1M Eligible,Promotion ID,Coupon Value,Discount Rate
GPA.3371-4819-1427-55191,2023-01-01,1672536204,Charged,HWVOG,Remove all Ads forever (Currency & Crypto Converter),currency.currencyconverter.currencyexchangeapp,inapp,iapremoveads,EUR,2.43,0.46,2.89,,,,DE,,,4992313473829035528,Yes,,,
GPA.3329-3191-3030-52068,2023-01-01,1672541363,Charged,OP4BAFL1,Remove all Ads forever (Currency & Crypto Converter),currency.currencyconverter.currencyexchangeapp,inapp,iapremoveads,JPY,310.00,0.00,310.00,,,4820036,JP,,,4992313473829035528,Yes,,,
GPA.3342-6861-3093-32525,2023-01-01,1672545549,Charged,HWLYA,Premium Version -  Yearly Subscription (Collage Maker: Photo Layout),com.volio.layout.photocollage.collagemaker,subscription,iap1year,THB,210.28,14.72,225.00,พระประแดง,สมุทรปราการ,10130,TH,p1y,,4992313473829035528,Yes,,,
GPA.3359-5382-5099-74654..0,2023-01-01,1672547699,Charged,,Premium Version -  Yearly Subscription (Collage Maker: Photo Layout),com.volio.layout.photocollage.collagemaker,subscription,iap1year,THB,163.55,11.45,175.00,,,,TH,,,4992313473829035528,Yes,,,
GPA.3341-8867-3304-68597,2023-01-01,1672552047,Refund,OP48A1,Pro Version -  Monthly Subscription (Collage Maker: Photo Layout),com.volio.layout.photocollage.collagemaker,subscription,iapmonthly,AUD,5.90,-0.59,-6.49,,,4022,AU,p1m,,4992313473829035528,Yes,,,
GPA.3389-0487-7859-98843,2023-01-01,1672552631,Charged,p3s,Buy remove Ads and Compass themes forever (Compass: Direction Compass),com.compass.compassapp.compassfree,inapp,iapforever,EUR,2.72,0.57,3.29,,,,NL,,,4992313473829035528,Yes,,,
GPA.3378-2049-4245-30939,2023-01-01,1672554370,Charged,y2s,Remove all Ads forever (Currency & Crypto Converter),currency.currencyconverter.currencyexchangeapp,inapp,iapremoveads,NZD,4.17,0.62,4.79,,,4122,NZ,,,4992313473829035528,Yes,,,
GPA.3321-3939-1946-68846,2023-01-01,1672554707,Charged,beyond2,Remove all Ads forever (Currency & Crypto Converter),currency.currencyconverter.currencyexchangeapp,inapp,iapremoveads,EUR,2.43,0.46,2.89,,,,DE,,,4992313473829035528,Yes,,,
GPA.3346-2859-9614-15435..2,2023-01-01,1672558923,Charged,,Pro Version -  Monthly Subscription (Live Wallpapers - 3D Wallpaper),com.livewallpaper3D.cool.wallpapers.free.wallpaper4K.parallax,subscription,iapmonthly,CAD,5.49,0.71,6.20,Las Vegas,ON,M5A 1Z4,CA,p1m,,4992313473829035528,Yes,,,
GPA.3378-6538-3273-00148,2023-01-01,1672568009,Charged,capri,Remove all Ads forever (Currency & Crypto Converter),currency.currencyconverter.currencyexchangeapp,inapp,iapremoveads,EUR,2.43,0.46,2.89,,,,DE,,,4992313473829035528,Yes,,,
GPA.3387-4846-6891-41021,2023-01-01,1672571029,Charged,q2q,Remove all Ads forever (Currency & Crypto Converter),currency.currencyconverter.currencyexchangeapp,inapp,iapremoveads,KRW,"3,273.00",327.00,"3,600.00",,,49490,KR,,,4992313473829035528,Yes,,,
GPA.3310-7701-9613-27475,2023-01-01,1672571981,Charged,r0q,Premium Version -  Yearly Subscription (Collage Maker: Photo Layout),com.volio.layout.photocollage.collagemaker,subscription,iap1year,KRW,"7,727.00",773.00,"8,500.00",천안시,충청남도,331-779,KR,p1y,,4992313473829035528,Yes,,,
GPA.3385-3445-3322-51601,2023-01-01,1672573223,Charged,b0q,Premium Version -  Permanently (Collage Maker: Photo Layout),com.volio.layout.photocollage.collagemaker,inapp,removeadssale,SGD,12.94,1.04,13.98,,,348615,SG,,,4992313473829035528,Yes,,,
GPA.3307-9384-9453-34381,2023-01-01,1672575774,Charged,hiphi,Remove all Ads forever (Currency & Crypto Converter),currency.currencyconverter.currencyexchangeapp,inapp,iapremoveads,EUR,2.45,0.54,2.99,,,,IT,,,4992313473829035528,Yes,,,
GPA.3379-4154-9696-84413,2023-01-01,1672584794,Charged,p3s, PDF Reader - Permanent Premium (PDF Tools: PDF Reader - Editor),com.pdfreader.pdfeditor.pdfreadeforandroid.pdfeditorforandroidfree,inapp,removeads,EUR,5.36,1.13,6.49,,,,ES,,,4992313473829035528,Yes,,,
GPA.3358-3623-1610-03324,2023-01-01,1672602071,Charged,c2q,Premium Version -  Yearly Subscription (Collage Maker: Photo Layout),com.volio.layout.photocollage.collagemaker,subscription,iap1year,USD,5.99,0.36,6.35,WASHINGTON,DC,20008,US,p1y,,4992313473829035528,Yes,,,
GPA.3322-2044-4337-50909,2023-01-01,1672603742,Charged,a12s,Buy remove Ads and Compass themes forever (Compass: Direction Compass),com.compass.compassapp.compassfree,inapp,iapforever,CZK,66.11,13.88,79.99,,,,CZ,,,4992313473829035528,Yes,,,
GPA.3313-7014-0660-22442,2023-01-01,1672603927,Charged,viva,Remove ads Forever (Scanner App - PDF Scanner Apps),com.scannerapp.pdfscanner.documentscaner.docscannerappforandroid,inapp,removeadsale,EUR,5.60,0.39,5.99,,,,ES,,,4992313473829035528,Yes,,,
GPA.3380-0164-7771-73347,2023-01-01,1672607946,Charged,maltalsc,iapforever (Time Warp Scan - Face Warp),com.timewarpscan.timewarpfilter.warpscan.slitscan.facescanner,inapp,iapforever,USD,3.77,0.00,3.77,Buenos Aires,Buenos Aires,1878,AR,,,4992313473829035528,Yes,,,
GPA.3318-8166-7552-35131,2023-01-01,1672608761,Charged,q2q,Pro Version -  Monthly Subscription (Live Wallpapers - 3D Wallpaper),com.livewallpaper3D.cool.wallpapers.free.wallpaper4K.parallax,subscription,iapmonthly,CHF,4.00,0.00,4.00,Villeret,,2613,CH,p1m,,4992313473829035528,Yes,,,
GPA.3304-2312-9182-71979,2023-01-01,1672610834,Charged,starlte,Buy remove Ads and Compass themes forever (Compass: Direction Compass),com.compass.compassapp.compassfree,inapp,iapforever,NZD,4.34,0.65,4.99,Timaru,,7920,NZ,,,4992313473829035528,Yes,,,
GPA.3342-0906-3130-17820,2023-01-01,1672612919,Charged,b0q,Buy remove Ads and Compass themes forever (Compass: Direction Compass),com.compass.compassapp.compassfree,inapp,iapforever,USD,2.99,0.20,3.19,EAST WINDSOR,NJ,08520,US,,,4992313473829035528,Yes,,,
GPA.3302-6589-3043-39484,2023-01-01,1672613215,Charged,y2s,Premium Version -  Yearly Subscription (Collage Maker: Photo Layout),com.volio.layout.photocollage.collagemaker,subscription,iap1year,GBP,4.99,1.00,5.99,,,,GB,p1y,,4992313473829035528,Yes,,,
GPA.3351-3152-9523-25270,2023-01-02,1672618354,Charged,HWVOG,Premium Version -  Yearly Subscription (Collage Maker: Photo Layout),com.volio.layout.photocollage.collagemaker,subscription,iap1year,GBP,4.99,1.00,5.99,,,,GB,p1y,,4992313473829035528,Yes,,,
GPA.3372-3536-2710-24798..0,2023-01-02,1672619057,Charged,,Premium Version -  Yearly Subscription (Collage Maker: Photo Layout),com.volio.layout.photocollage.collagemaker,subscription,iap1year,KRW,"6,273.00",627.00,"6,900.00",,,446-908,KR,,,4992313473829035528,Yes,,,
GPA.3372-3940-2031-46941,2023-01-02,1672619608,Charged,o1s,Buy remove Ads and Compass themes forever (Compass: Direction Compass),com.compass.compassapp.compassfree,inapp,iapforever,VND,"69,000.00",0.00,"69,000.00",,,70000,VN,,,4992313473829035528,Yes,,,
GPA.3380-0426-0250-63803,2023-01-02,1672631938,Charged,r8s,Buy remove Ads and Compass themes forever (Compass: Direction Compass),com.compass.compassapp.compassfree,inapp,iapforever,SAR,11.30,1.69,12.99,,,,SA,,,4992313473829035528,Yes,,,
GPA.3387-7263-4312-26432,2023-01-02,1672632812,Charged,walleye,Remove all Ads forever (Currency & Crypto Converter),currency.currencyconverter.currencyexchangeapp,inapp,iapremoveads,USD,2.99,0.00,2.99,Marina Del Rey,CA,90292,US,,,4992313473829035528,Yes,,,
GPA.3336-6556-3978-32298,2023-01-02,1672633640,Charged,OP515BL1,Buy remove Ads and Compass themes forever (Compass: Direction Compass),com.compass.compassapp.compassfree,inapp,iapforever,INR,227.97,41.03,269.00,Karimnagar,Telangana,505001,IN,,,4992313473829035528,Yes,,,
GPA.3301-9083-6266-95164,2023-01-02,1672638434,Charged,j4primelte,Pro Version -  Monthly Subscription (Live Wallpapers - 3D Wallpaper),com.livewallpaper3D.cool.wallpapers.free.wallpaper4K.parallax,subscription,iapmonthly,USD,4.31,0.00,4.31,buenos aires,,,AR,p1m,,4992313473829035528,Yes,,,
GPA.3319-4938-2251-41481,2023-01-02,1672643422,Charged,spesn,Remove all Ads forever (Currency & Crypto Converter),currency.currencyconverter.currencyexchangeapp,inapp,iapremoveads,EUR,2.44,0.61,3.05,,,,HR,,,4992313473829035528,Yes,,,
GPA.3302-5606-6505-38887,2023-01-02,1672656316,Charged,HNNTH,iapforever (Time Warp Scan - Face Warp),com.timewarpscan.timewarpfilter.warpscan.slitscan.facescanner,inapp,iapforever,MYR,16.03,0.96,16.99,merlimau,MELAKA,77300,MY,,,4992313473829035528,Yes,,,
GPA.3391-4488-2572-22714,2023-01-02,1672657959,Charged,COS,Remove all ads forever (Big Font: Enlarge font),bigfont.enlargefont.largerfont.changefontsize,inapp,iap_remove_ads_01,USD,1.99,0.00,1.99,LAKESIDE,CA,92040,US,,,4992313473829035528,Yes,,,
GPA.3336-8672-1874-78704..2,2023-01-02,1672659192,Charged,,Pro Version -  Monthly Subscription (Live Wallpapers - 3D Wallpaper),com.livewallpaper3D.cool.wallpapers.free.wallpaper4K.parallax,subscription,iapmonthly,PKR,750.00,0.00,750.00,Lahore,,,PK,p1m,,4992313473829035528,Yes,,,
GPA.3389-2627-0165-19186,2023-01-02,1672666654,Charged,HNNTH, PDF Reader - Permanent Premium (PDF Tools: PDF Reader - Editor),com.pdfreader.pdfeditor.pdfreadeforandroid.pdfeditorforandroidfree,inapp,removeads,SAR,24.34,3.65,27.99,,,,SA,,,4992313473829035528,Yes,,,
GPA.3391-6248-2669-16688,2023-01-02,1672671818,Charged,HWSNE,Premium Version -  Permanently (Collage Maker: Photo Layout),com.volio.layout.photocollage.collagemaker,inapp,removeadssale,EUR,9.08,1.91,10.99,,,,NL,,,4992313473829035528,Yes,,,
GPA.3323-4836-4776-69735..0,2023-01-02,1672677854,Charged,,Premium Version -  Yearly Subscription (Collage Maker: Photo Layout),com.volio.layout.photocollage.collagemaker,subscription,iap1year,EUR,4.50,0.99,5.49,,,,IT,,,4992313473829035528,Yes,,,
GPA.3384-1650-7311-14632,2023-01-02,1672679295,Charged,cheetah,Premium Version -  Permanently (Collage Maker: Photo Layout),com.volio.layout.photocollage.collagemaker,inapp,removeadssale,USD,9.49,0.57,10.06,HANOVER,MD,21076,US,,,4992313473829035528,Yes,,,
GPA.3352-7032-3701-60064,2023-01-02,1672681491,Charged,a52sxq, PDF Reader - Permanent Premium (PDF Tools: PDF Reader - Editor),com.pdfreader.pdfeditor.pdfreadeforandroid.pdfeditorforandroidfree,inapp,removeads,GBP,4.57,0.92,5.49,,,,GB,,,4992313473829035528,Yes,,,
GPA.3393-9848-8496-95783,2023-01-02,1672683849,Charged,lisa,iapforever (Time Warp Scan - Face Warp),com.timewarpscan.timewarpfilter.warpscan.slitscan.facescanner,inapp,iapforever,SAR,14.77,2.22,16.99,طريف,,41100,SA,,,4992313473829035528,Yes,,,
GPA.3361-0160-1914-61187,2023-01-02,1672687118,Charged,a03s,Buy remove Ads and Compass themes forever (Compass: Direction Compass),com.compass.compassapp.compassfree,inapp,iapforever,EUR,2.70,0.59,3.29,,,,IT,,,4992313473829035528,Yes,,,
GPA.3363-7651-5800-67913,2023-01-02,1672687305,Charged,apollo,Premium Version -  Yearly Subscription (Collage Maker: Photo Layout),com.volio.layout.photocollage.collagemaker,subscription,iap1year,EUR,5.83,1.16,6.99,,,,FR,p1y,,4992313473829035528,Yes,,,
GPA.3336-2270-6005-26389,2023-01-02,1672689931,Charged,a71,iapforever (Time Warp Scan - Face Warp),com.timewarpscan.timewarpfilter.warpscan.slitscan.facescanner,inapp,iapforever,SAR,14.77,2.22,16.99,,,,SA,,,4992313473829035528,Yes,,,
GPA.3325-9844-5602-62698..3,2023-01-02,1672690353,Charged,,Pro Version -  Monthly Subscription (Live Wallpapers - 3D Wallpaper),com.livewallpaper3D.cool.wallpapers.free.wallpaper4K.parallax,subscription,iapmonthly,EUR,3.86,0.73,4.59,,,,DE,p1m,,4992313473829035528,Yes,,,
GPA.3399-4117-7529-79186,2023-01-02,1672692066,Charged,a51,Premium Version -  Yearly Subscription (Collage Maker: Photo Layout),com.volio.layout.photocollage.collagemaker,subscription,iap1year,EUR,5.78,1.21,6.99,,,,NL,p1y,,4992313473829035528,Yes,,,
GPA.3393-9065-6514-79041,2023-01-02,1672692603,Charged,a32,Remove ads Forever (Scanner App - PDF Scanner Apps),com.scannerapp.pdfscanner.documentscaner.docscannerappforandroid,inapp,removeadsale,BRL,30.99,0.00,30.99,Osasco,SP,06240-150,BR,,,4992313473829035528,Yes,,,
GPA.3394-3820-2404-89796,2023-01-02,1672693744,Charged,a53x,Premium Version -  Yearly Subscription (Collage Maker: Photo Layout),com.volio.layout.photocollage.collagemaker,subscription,iap1year,EUR,5.78,1.21,6.99,,,,NL,p1y,,4992313473829035528,Yes,,,
GPA.3304-1326-3438-35659,2023-01-02,1672699425,Charged,b2q, PDF Reader - Permanent Premium (PDF Tools: PDF Reader - Editor),com.pdfreader.pdfeditor.pdfreadeforandroid.pdfeditorforandroidfree,inapp,removeads,EUR,5.36,1.13,6.49,,,,ES,,,4992313473829035528,Yes,,,
GPA.3397-3257-8675-30667,2023-01-02,1672701305,Charged,a71,Remove all anoying ads forever -  One time payment (Weatherapp - Forecast Weather),weatherapp.weatherradar.weather.forecast,inapp,remove_all_ads_sale,GBP,1.57,0.32,1.89,,,,GB,,,4992313473829035528,Yes,,,
GPA.3367-0884-9314-32197,2023-01-02,1672702729,Charged,a04,Buy remove Ads and Compass themes forever (Compass: Direction Compass),com.compass.compassapp.compassfree,inapp,iapforever,NZD,4.34,0.65,4.99,Taumarunui,,3920,NZ,,,4992313473829035528,Yes,,,
GPA.3359-4407-4108-81843,2023-01-02,1672703428,Charged,b0q,Buy remove Ads and Compass themes forever (Compass: Direction Compass),com.compass.compassapp.compassfree,inapp,iapforever,CLP,"2,521.00",479.00,"3,000.00",,,,CL,,,4992313473829035528,Yes,,,
GPA.3305-9765-4014-25240,2023-01-03,1672704228,Charged,a51,Remove all Ads forever (Currency & Crypto Converter),currency.currencyconverter.currencyexchangeapp,inapp,iapremoveads,EUR,2.44,0.61,3.05,,,,HR,,,4992313473829035528,Yes,,,
GPA.3350-3307-8791-29886,2023-01-03,1672706765,Charged,a33x,Premium Version -  Permanently (Collage Maker: Photo Layout),com.volio.layout.photocollage.collagemaker,inapp,removeadssale,BRL,47.99,0.00,47.99,Macaé,RJ,27925-360,BR,,,4992313473829035528,Yes,,,
GPA.3377-2586-9001-19175,2023-01-03,1672706944,Charged,a32,Pro Version -  Monthly Subscription (Collage Maker: Photo Layout),com.volio.layout.photocollage.collagemaker,subscription,iapmonthly,EUR,4.12,0.87,4.99,,,,ES,p1m,,4992313473829035528,Yes,,,
GPA.3326-3276-0093-06034..0,2023-01-03,1672712173,Charged,,Pro Version -  Monthly Subscription (Live Wallpapers - 3D Wallpaper),com.livewallpaper3D.cool.wallpapers.free.wallpaper4K.parallax,subscription,iapmonthly,USD,4.49,0.33,4.82,SALT LAKE CITY,UT,84106,US,p1m,,4992313473829035528,Yes,,,
GPA.3364-1777-8718-29881,2023-01-03,1672712528,Charged,c2s,Remove ads Forever (Scanner App - PDF Scanner Apps),com.scannerapp.pdfscanner.documentscaner.docscannerappforandroid,inapp,removeadsale,BRL,30.99,0.00,30.99,Anápolis,GO,75130440,BR,,,4992313473829035528,Yes,,,
GPA.3377-8091-5895-39426,2023-01-03,1672713916,Charged,a31,Buy remove Ads and Compass themes forever (Compass: Direction Compass),com.compass.compassapp.compassfree,inapp,iapforever,CAD,3.79,0.46,4.25,แวนคูเวอร์,BC,V6C 2X4,CA,,,4992313473829035528,Yes,,,
GPA.3379-6015-6913-46271,2023-01-03,1672725378,Charged,y2q,iapforever (Time Warp Scan - Face Warp),com.timewarpscan.timewarpfilter.warpscan.slitscan.facescanner,inapp,iapforever,USD,3.99,0.30,4.29,BROOKLYN CENTER,MN,55430,US,,,4992313473829035528,Yes,,,
GPA.3390-7795-3746-14038..0,2023-01-03,1672729679,Charged,,Premium Version -  Yearly Subscription (Collage Maker: Photo Layout),com.volio.layout.photocollage.collagemaker,subscription,iap1year,TRY,71.18,12.81,83.99,,,,TR,,,4992313473829035528,Yes,,,
GPA.3326-8058-4701-59388,2023-01-03,1672735947,Charged,a32x,Remove all Ads forever (Currency & Crypto Converter),currency.currencyconverter.currencyexchangeapp,inapp,iapremoveads,EUR,2.44,0.61,3.05,,,,HR,,,4992313473829035528,Yes,,,
GPA.3347-9610-2921-65747..3,2023-01-03,1672737839,Charged,,Pro Version -  Monthly Subscription (Collage Maker: Photo Layout),com.volio.layout.photocollage.collagemaker,subscription,iapmonthly,EUR,4.09,0.90,4.99,,,,IT,p1m,,4992313473829035528,Yes,,,
GPA.3302-0638-3743-73672,2023-01-03,1672741425,Charged,camellian, PDF Reader - Permanent Premium (PDF Tools: PDF Reader - Editor),com.pdfreader.pdfeditor.pdfreadeforandroid.pdfeditorforandroidfree,inapp,removeads,CZK,140.49,29.50,169.99,,,,CZ,,,4992313473829035528,Yes,,,
GPA.3327-5865-6998-88158,2023-01-03,1672751620,Charged,amber,No more Ads 4ever (File Viewer - Office Suite),com.officesuite.fileopener.fileviewer.all.document.reader.word.excel.pptx.pdf,inapp,idtest3,EUR,6.66,1.33,7.99,,,,FR,,,4992313473829035528,Yes,,,
GPA.3380-3530-9270-32403,2023-01-03,1672752297,Charged,jacuzzi_cheets,No more Ads 4ever (File Viewer - Office Suite),com.officesuite.fileopener.fileviewer.all.document.reader.word.excel.pptx.pdf,inapp,idtest3,EUR,6.71,1.28,7.99,,,,DE,,,4992313473829035528,Yes,,,
GPA.3320-0267-1883-08040..0,2023-01-03,1672759461,Charged,,Pro Version -  Monthly Subscription (Collage Maker: Photo Layout),com.volio.layout.photocollage.collagemaker,subscription,iapmonthly,EUR,4.06,0.93,4.99,,,,IE,p1m,,4992313473829035528,Yes,,,
GPA.3372-5728-3253-34900..0,2023-01-03,1672759916,Charged,,Pro Version -  Monthly Subscription (Live Wallpapers - 3D Wallpaper),com.livewallpaper3D.cool.wallpapers.free.wallpaper4K.parallax,subscription,iapmonthly,EUR,3.84,0.85,4.69,,,,IT,p1m,,4992313473829035528,Yes,,,
GPA.3335-7937-8467-36932..0,2023-01-03,1672762078,Charged,,Pro Version -  Monthly Subscription (Live Wallpapers - 3D Wallpaper),com.livewallpaper3D.cool.wallpapers.free.wallpaper4K.parallax,subscription,iapmonthly,TRY,59.31,10.68,69.99,,,,TR,p1m,,4992313473829035528,Yes,,,
GPA.3360-7105-6431-91502,2023-01-03,1672762892,Refund,angelica,iapforever (Time Warp Scan - Face Warp),com.timewarpscan.timewarpfilter.warpscan.slitscan.facescanner,inapp,iapforever,SAR,14.77,-2.22,-16.99,,,,SA,,,4992313473829035528,Yes,,,
GPA.3391-6920-3893-94254,2023-01-03,1672772434,Charged,HWLYA,Remove all anoying ads forever -  One time payment (Weatherapp - Forecast Weather),weatherapp.weatherradar.weather.forecast,inapp,remove_all_ads_sale,EUR,1.76,0.33,2.09,,,,DE,,,4992313473829035528,Yes,,,
GPA.3352-0013-3585-15345,2023-01-03,1672772703,Charged,rosemary,Premium Version -  Permanently (Collage Maker: Photo Layout),com.volio.layout.photocollage.collagemaker,inapp,removeadssale,EUR,9.16,1.83,10.99,,,,SK,,,4992313473829035528,Yes,,,
GPA.3398-8814-6420-09856..0,2023-01-03,1672777925,Charged,,Premium Version -  Yearly Subscription (Collage Maker: Photo Layout),com.volio.layout.photocollage.collagemaker,subscription,iap1year,SAR,19.12,2.87,21.99,,,,SA,,,4992313473829035528,Yes,,,
GPA.3377-9290-1341-08503,2023-01-03,1672781417,Refund,crownqltesq, PDF Reader - Permanent Premium (PDF Tools: PDF Reader - Editor),com.pdfreader.pdfeditor.pdfreadeforandroid.pdfeditorforandroidfree,inapp,removeads,AED,23.80,-1.19,-24.99,,إمارة دبيّ,,AE,,,4992313473829035528,Yes,,,
GPA.3353-8554-1226-33090..0,2023-01-03,1672782446,Charged,,Pro Version -  Monthly Subscription (Live Wallpapers - 3D Wallpaper),com.livewallpaper3D.cool.wallpapers.free.wallpaper4K.parallax,subscription,iapmonthly,USD,4.49,0.36,4.85,BROOKLYN,OH,44129,US,p1m,,4992313473829035528,Yes,,,
GPA.3311-9369-6479-80138..10,2023-01-03,1672784415,Charged,,Pro Version -  Monthly Subscription (Collage Maker: Photo Layout),com.volio.layout.photocollage.collagemaker,subscription,iapmonthly,GBP,2.91,0.58,3.49,,,,GB,,,4992313473829035528,Yes,,,
GPA.3372-8113-3369-17354,2023-01-04,1672807853,Charged,RE879AL1,Remove all ads (PDF Converter: Photo To PDF),com.pdfconverter.imagetopdf.jpgtopdf.pdfconverterforandroid,inapp,removeads,VND,"69,000.00",0.00,"69,000.00",Nam Định,NAM ĐỊNH,07554,VN,,,4992313473829035528,Yes,,,
GPA.3325-8232-1930-99126..0,2023-01-04,1672812651,Charged,,Premium Version -  Yearly Subscription (Collage Maker: Photo Layout),com.volio.layout.photocollage.collagemaker,subscription,iap1year,THB,163.55,11.45,175.00,,,,TH,,,4992313473829035528,Yes,,,
GPA.3388-2790-2393-51585,2023-01-04,1672814606,Charged,crownlte,Buy remove Ads and Compass themes forever (Compass: Direction Compass),com.compass.compassapp.compassfree,inapp,iapforever,VND,"69,000.00",0.00,"69,000.00",,,,VN,,,4992313473829035528,Yes,,,
GPA.3360-7573-9935-06531,2023-01-04,1672815622,Charged,a31,Remove all Ads forever (Currency & Crypto Converter),currency.currencyconverter.currencyexchangeapp,inapp,iapremoveads,PHP,145.00,0.00,145.00,,,,PH,,,4992313473829035528,Yes,,,
GPA.3326-8058-4701-59388,2023-01-04,1672820137,Refund,a32x,Remove all Ads forever (Currency & Crypto Converter),currency.currencyconverter.currencyexchangeapp,inapp,iapremoveads,EUR,2.44,-0.61,-3.05,,,,HR,,,4992313473829035528,Yes,,,
GPA.3351-0264-8732-56523,2023-01-04,1672824788,Charged,b0q, PDF Reader - Permanent Premium (PDF Tools: PDF Reader - Editor),com.pdfreader.pdfeditor.pdfreadeforandroid.pdfeditorforandroidfree,inapp,removeads,AED,23.80,1.19,24.99,,عجمان,,AE,,,4992313473829035528,Yes,,,
GPA.3309-6548-4561-91225,2023-01-04,1672826818,Charged,r0s,No more Ads 4ever (File Viewer - Office Suite),com.officesuite.fileopener.fileviewer.all.document.reader.word.excel.pptx.pdf,inapp,idtest3,CHF,6.90,0.00,6.90,Bellinzona,,6500,CH,,,4992313473829035528,Yes,,,
GPA.3339-6318-7431-35574,2023-01-04,1672829579,Charged,o1s,Premium Version -  Permanently (Collage Maker: Photo Layout),com.volio.layout.photocollage.collagemaker,inapp,removeadssale,EUR,9.16,1.83,10.99,,,,AT,,,4992313473829035528,Yes,,,
GPA.3339-6228-7937-23863,2023-01-04,1672833819,Charged,gta3xlwifi,iapforever (Time Warp Scan - Face Warp),com.timewarpscan.timewarpfilter.warpscan.slitscan.facescanner,inapp,iapforever,NOK,35.20,8.80,44.00,,,,NO,,,4992313473829035528,Yes,,,
GPA.3307-9081-5515-66633,2023-01-04,1672838178,Charged,veux, PDF Reader - Permanent Premium (PDF Tools: PDF Reader - Editor),com.pdfreader.pdfeditor.pdfreadeforandroid.pdfeditorforandroidfree,inapp,removeads,EUR,5.36,1.13,6.49,,,,ES,,,4992313473829035528,Yes,,,
GPA.3341-9192-1800-01248..0,2023-01-04,1672840671,Charged,,Pro Version -  Monthly Subscription (Collage Maker: Photo Layout),com.volio.layout.photocollage.collagemaker,subscription,iapmonthly,EUR,4.12,0.87,4.99,,,,NL,p1m,,4992313473829035528,Yes,,,
GPA.3397-1314-6301-07992,2023-01-04,1672842090,Charged,vili,iapforever (Time Warp Scan - Face Warp),com.timewarpscan.timewarpfilter.warpscan.slitscan.facescanner,inapp,iapforever,EUR,3.52,0.67,4.19,,,,DE,,,4992313473829035528,Yes,,,
GPA.3341-7700-2215-53918,2023-01-04,1672847067,Charged,a10,Remove all Ads forever (Currency & Crypto Converter),currency.currencyconverter.currencyexchangeapp,inapp,iapremoveads,EUR,2.44,0.61,3.05,,,,HR,,,4992313473829035528,Yes,,,
GPA.3390-7810-6151-36763,2023-01-04,1672847492,Charged,m33x,Buy remove Ads and Compass themes forever (Compass: Direction Compass),com.compass.compassapp.compassfree,inapp,iapforever,INR,227.97,41.03,269.00,Shimla,Himachal Pradesh,171009,IN,,,4992313473829035528,Yes,,,
GPA.3347-1132-6626-38764..0,2023-01-04,1672847629,Charged,,Premium Version -  Yearly Subscription (Collage Maker: Photo Layout),com.volio.layout.photocollage.collagemaker,subscription,iap1year,EUR,4.43,1.06,5.49,,,,FI,,,4992313473829035528,Yes,,,
GPA.3364-6190-3189-02142,2023-01-04,1672854426,Charged,OP5567L1,Remove ads Forever (Scanner App - PDF Scanner Apps),com.scannerapp.pdfscanner.documentscaner.docscannerappforandroid,inapp,removeadsale,INR,466.10,83.90,550.00,Mumbai,Maharashtra,400058,IN,,,4992313473829035528,Yes,,,
GPA.3389-5555-3807-47329,2023-01-04,1672855191,Charged,fijisc,iapforever (Time Warp Scan - Face Warp),com.timewarpscan.timewarpfilter.warpscan.slitscan.facescanner,inapp,iapforever,CZK,90.90,19.09,109.99,,,,CZ,,,4992313473829035528,Yes,,,
GPA.3396-4569-4341-24773,2023-01-04,1672855313,Charged,p3s,Buy remove Ads and Compass themes forever (Compass: Direction Compass),com.compass.compassapp.compassfree,inapp,iapforever,AED,11.42,0.57,11.99,,إمارة دبيّ,,AE,,,4992313473829035528,Yes,,,
GPA.3320-0086-7731-71146,2023-01-04,1672856988,Charged,B130DL,Premium Version -  Forever (Live Wallpapers - 3D Wallpaper),com.livewallpaper3D.cool.wallpapers.free.wallpaper4K.parallax,inapp,iapforever,USD,12.99,0.00,12.99,GLASGOW,MT,59230,US,,,4992313473829035528,Yes,,,
GPA.3385-9219-7908-18878,2023-01-04,1672861898,Charged,crownlte,Remove all ads (PDF Converter: Photo To PDF),com.pdfconverter.imagetopdf.jpgtopdf.pdfconverterforandroid,inapp,removeads,AED,11.42,0.57,11.99,,,,AE,,,4992313473829035528,Yes,,,
GPA.3395-6431-7244-34899,2023-01-04,1672865444,Charged,a13ve,Pro Version -  Monthly Subscription (Collage Maker: Photo Layout),com.volio.layout.photocollage.collagemaker,subscription,iapmonthly,EUR,4.16,0.83,4.99,,,,FR,p1m,,4992313473829035528,Yes,,,
GPA.3394-5287-3337-41877..0,2023-01-04,1672866453,Charged,,Pro Version -  Monthly Subscription (Live Wallpapers - 3D Wallpaper),com.livewallpaper3D.cool.wallpapers.free.wallpaper4K.parallax,subscription,iapmonthly,JPY,500.00,0.00,500.00,,,671-1217,JP,p1m,,4992313473829035528,Yes,,,
GPA.3380-0164-7771-73347,2023-01-04,1672868106,Refund,maltalsc,iapforever (Time Warp Scan - Face Warp),com.timewarpscan.timewarpfilter.warpscan.slitscan.facescanner,inapp,iapforever,USD,3.77,0.00,-3.77,Buenos Aires,Buenos Aires,1878,AR,,,4992313473829035528,Yes,,,
GPA.3351-7388-8917-15077,2023-01-05,1672878805,Charged,g0s,Remove all Ads forever (Currency & Crypto Converter),currency.currencyconverter.currencyexchangeapp,inapp,iapremoveads,DKK,18.40,4.60,23.00,,,,DK,,,4992313473829035528,Yes,,,
GPA.3362-2049-4035-61635..1,2023-01-05,1672893508,Charged,,Pro Version -  Monthly Subscription (Live Wallpapers - 3D Wallpaper),com.livewallpaper3D.cool.wallpapers.free.wallpaper4K.parallax,subscription,iapmonthly,GBP,3.16,0.63,3.79,,,,GB,p1m,,4992313473829035528,Yes,,,
GPA.3306-5689-7416-14427,2023-01-05,1672895990,Charged,r8q,Premium Version -  Yearly Subscription (Collage Maker: Photo Layout),com.volio.layout.photocollage.collagemaker,subscription,iap1year,IDR,"88,000.00","9,680.00","97,680.00",,,17510,ID,p1y,,4992313473829035528,Yes,,,
GPA.3347-6931-5085-81102,2023-01-05,1672903077,Charged,HWELE,Remove all Ads forever (Currency & Crypto Converter),currency.currencyconverter.currencyexchangeapp,inapp,iapremoveads,MYR,12.25,0.74,12.99,Johor Bahru,JOHOR,80150,MY,,,4992313473829035528,Yes,,,
GPA.3377-9894-3997-25691,2023-01-05,1672905342,Charged,sunny,Remove ads Forever (Scanner App - PDF Scanner Apps),com.scannerapp.pdfscanner.documentscaner.docscannerappforandroid,inapp,removeadsale,BGN,9.99,2.00,11.99,,,,BG,,,4992313473829035528,Yes,,,
GPA.3332-7517-6332-95497,2023-01-05,1672911559,Charged,ASUS_I001_1,Premium Version -  Permanently (Collage Maker: Photo Layout),com.volio.layout.photocollage.collagemaker,inapp,removeadssale,IDR,"139,000.00","15,290.00","154,290.00",Tangerang,Banten,15121,ID,,,4992313473829035528,Yes,,,
GPA.3302-5606-6505-38887,2023-01-05,1672916476,Refund,HNNTH,iapforever (Time Warp Scan - Face Warp),com.timewarpscan.timewarpfilter.warpscan.slitscan.facescanner,inapp,iapforever,MYR,16.03,-0.96,-16.99,merlimau,MELAKA,77300,MY,,,4992313473829035528,Yes,,,
GPA.3379-6857-2660-42155,2023-01-05,1672918900,Charged,a51,Premium Version -  Yearly Subscription (Collage Maker: Photo Layout),com.volio.layout.photocollage.collagemaker,subscription,iap1year,EUR,5.78,1.21,6.99,,,,ES,p1y,,4992313473829035528,Yes,,,
GPA.3303-3222-0462-96445,2023-01-05,1672922019,Charged,rhodec,Buy remove Ads and Compass themes forever (Compass: Direction Compass),com.compass.compassapp.compassfree,inapp,iapforever,GBP,2.24,0.45,2.69,,,,GB,,,4992313473829035528,Yes,,,
GPA.3397-8195-0017-59140..4,2023-01-05,1672923952,Charged,,Pro Version -  Monthly Subscription (Collage Maker: Photo Layout),com.volio.layout.photocollage.collagemaker,subscription,iapmonthly,EUR,3.27,0.62,3.89,,,,DE,p1m,,4992313473829035528,Yes,,,
GPA.3323-7745-8403-41778..1,2023-01-05,1672931515,Charged,,Pro Version -  Monthly Subscription (Live Wallpapers - 3D Wallpaper),com.livewallpaper3D.cool.wallpapers.free.wallpaper4K.parallax,subscription,iapmonthly,USD,4.49,0.31,4.80,CORINTH,MS,38834,US,p1m,,4992313473829035528,Yes,,,
GPA.3313-8187-1177-42812,2023-01-05,1672931639,Charged,merlinnfc, PDF Reader - Permanent Premium (PDF Tools: PDF Reader - Editor),com.pdfreader.pdfeditor.pdfreadeforandroid.pdfeditorforandroidfree,inapp,removeads,CZK,140.49,29.50,169.99,,,,CZ,,,4992313473829035528,Yes,,,
GPA.3317-4456-0409-94174,2023-01-05,1672932130,Charged,OP4B80L1, PDF Reader - Permanent Premium (PDF Tools: PDF Reader - Editor),com.pdfreader.pdfeditor.pdfreadeforandroid.pdfeditorforandroidfree,inapp,removeads,TWD,181.00,9.00,190.00,,,412,TW,,,4992313473829035528,Yes,,,
GPA.3373-6159-0546-58040,2023-01-05,1672932558,Charged,OP4F39L1,iapforever (Time Warp Scan - Face Warp),com.timewarpscan.timewarpfilter.warpscan.slitscan.facescanner,inapp,iapforever,EUR,3.55,0.74,4.29,,,,BE,,,4992313473829035528,Yes,,,
GPA.3314-0547-6402-72169,2023-01-05,1672933309,Charged,monet,Remove all ads forever (Big Font: Enlarge font),bigfont.enlargefont.largerfont.changefontsize,inapp,iap_remove_ads_01,TWD,63.00,3.00,66.00,,,234,TW,,,4992313473829035528,Yes,,,
GPA.3362-5946-6221-55795,2023-01-05,1672934621,Charged,r0s,Buy remove Ads and Compass themes forever (Compass: Direction Compass),com.compass.compassapp.compassfree,inapp,iapforever,EUR,2.72,0.57,3.29,,,,NL,,,4992313473829035528,Yes,,,
GPA.3304-7226-9304-24984..11,2023-01-05,1672935886,Charged,,Pro Version -  Monthly Subscription (Collage Maker: Photo Layout),com.volio.layout.photocollage.collagemaker,subscription,iapmonthly,SEK,34.40,8.60,43.00,,,,SE,,,4992313473829035528,Yes,,,
GPA.3358-7691-6529-42877,2023-01-05,1672938341,Charged,r0q,Remove ads Forever (Scanner App - PDF Scanner Apps),com.scannerapp.pdfscanner.documentscaner.docscannerappforandroid,inapp,removeadsale,CAD,7.49,0.97,8.46,Richmond Hill,ON,L4C 0C3,CA,,,4992313473829035528,Yes,,,
GPA.3364-9643-2931-62120,2023-01-05,1672943337,Charged,SL101AE,Pro Version -  Monthly Subscription (Live Wallpapers - 3D Wallpaper),com.livewallpaper3D.cool.wallpapers.free.wallpaper4K.parallax,subscription,iapmonthly,USD,4.49,0.29,4.78,SHIPROCK,NM,87420,US,p1m,,4992313473829035528,Yes,,,
GPA.3344-9270-3335-61207,2023-01-05,1672954002,Charged,a12s,Remove ads Forever (Scanner App - PDF Scanner Apps),com.scannerapp.pdfscanner.documentscaner.docscannerappforandroid,inapp,removeadsale,EUR,5.52,0.47,5.99,,,,GP,,,4992313473829035528,Yes,,,
GPA.3369-2394-0309-64133,2023-01-05,1672960269,Charged,OP4F39L1, PDF Reader - Permanent Premium (PDF Tools: PDF Reader - Editor),com.pdfreader.pdfeditor.pdfreadeforandroid.pdfeditorforandroidfree,inapp,removeads,BRL,33.99,0.00,33.99,Cotia,SP,06719-460,BR,,,4992313473829035528,Yes,,,
GPA.3364-2938-6576-22577,2023-01-06,1672965902,Charged,OP4C7BL1,iapforever (Time Warp Scan - Face Warp),com.timewarpscan.timewarpfilter.warpscan.slitscan.facescanner,inapp,iapforever,NZD,5.64,0.85,6.49,,,,NZ,,,4992313473829035528,Yes,,,
GPA.3370-7271-2471-24950,2023-01-06,1672969482,Charged,munch,Remove all Ads forever (Currency & Crypto Converter),currency.currencyconverter.currencyexchangeapp,inapp,iapremoveads,PHP,145.00,0.00,145.00,,,1110,PH,,,4992313473829035528,Yes,,,
GPA.3375-7489-8358-31882,2023-01-06,1672973268,Charged,Jetta_ATT,Pro Version -  Monthly Subscription (Live Wallpapers - 3D Wallpaper),com.livewallpaper3D.cool.wallpapers.free.wallpaper4K.parallax,subscription,iapmonthly,USD,4.49,0.45,4.94,PELL CITY,AL,35125,US,p1m,,4992313473829035528,Yes,,,
GPA.3306-0737-4592-91369..0,2023-01-06,1672975550,Charged,,Premium Version -  Yearly Subscription (Collage Maker: Photo Layout),com.volio.layout.photocollage.collagemaker,subscription,iap1year,USD,4.99,0.27,5.26,ALTOONA,WI,54720,US,,,4992313473829035528,Yes,,,
GPA.3358-6905-8095-90101,2023-01-06,1672975887,Charged,a01q,Remove ads Forever (Scanner App - PDF Scanner Apps),com.scannerapp.pdfscanner.documentscaner.docscannerappforandroid,inapp,removeadsale,BRL,30.99,0.00,30.99,Rio Branco,AC,69918860,BR,,,4992313473829035528,Yes,,,
GPA.3351-0257-0791-79285..2,2023-01-06,1672976550,Charged,,Pro Version -  Monthly Subscription (Live Wallpapers - 3D Wallpaper),com.livewallpaper3D.cool.wallpapers.free.wallpaper4K.parallax,subscription,iapmonthly,EUR,3.86,0.73,4.59,,,,DE,p1m,,4992313473829035528,Yes,,,
GPA.3359-3307-6606-35620..0,2023-01-06,1672981910,Charged,,Pro Version -  Monthly Subscription (Collage Maker: Photo Layout),com.volio.layout.photocollage.collagemaker,subscription,iapmonthly,KRW,"5,455.00",545.00,"6,000.00",,,21931,KR,p1m,,4992313473829035528,Yes,,,
GPA.3332-5430-2243-88236,2023-01-06,1673004012,Charged,HWDUA-M,Buy remove Ads and Compass themes forever (Compass: Direction Compass),com.compass.compassapp.compassfree,inapp,iapforever,CZK,66.11,13.88,79.99,,,,CZ,,,4992313473829035528,Yes,,,
GPA.3365-5344-8573-32277..0,2023-01-06,1673012750,Charged,,Pro Version -  Monthly Subscription (Collage Maker: Photo Layout),com.volio.layout.photocollage.collagemaker,subscription,iapmonthly,EUR,4.12,0.87,4.99,,,,BE,p1m,,4992313473829035528,Yes,,,
GPA.3394-0524-3433-18217,2023-01-06,1673017312,Charged,a22x,No more Ads 4ever (File Viewer - Office Suite),com.officesuite.fileopener.fileviewer.all.document.reader.word.excel.pptx.pdf,inapp,idtest3,MYR,31.12,1.87,32.99,Kluang,JOHOR,86000,MY,,,4992313473829035528,Yes,,,
GPA.3338-7982-0212-61436,2023-01-06,1673027818,Charged,OPD4A1L1,Premium Version -  Permanently (Collage Maker: Photo Layout),com.volio.layout.photocollage.collagemaker,inapp,removeadssale,GBP,7.91,1.58,9.49,,,,GB,,,4992313473829035528,Yes,,,
GPA.3346-8810-1640-49179,2023-01-06,1673027871,Charged,surya,Remove ads Forever (Scanner App - PDF Scanner Apps),com.scannerapp.pdfscanner.documentscaner.docscannerappforandroid,inapp,removeadsale,BRL,30.99,0.00,30.99,São João do Pacuí,MG,32920000,BR,,,4992313473829035528,Yes,,,
GPA.3384-6982-5290-58567,2023-01-06,1673028166,Charged,a31,Buy remove Ads and Compass themes forever (Compass: Direction Compass),com.compass.compassapp.compassfree,inapp,iapforever,MAD,23.33,4.66,27.99,Casablanca,,,MA,,,4992313473829035528,Yes,,,
GPA.3384-7361-5790-28076..2,2023-01-06,1673028646,Charged,,Pro Version -  Monthly Subscription (Live Wallpapers - 3D Wallpaper),com.livewallpaper3D.cool.wallpapers.free.wallpaper4K.parallax,subscription,iapmonthly,AUD,5.90,0.59,6.49,,,2274,AU,p1m,,4992313473829035528,Yes,,,
GPA.3304-0605-2022-10278,2023-01-06,1673031703,Charged,a53x,Premium Version -  Permanently (Collage Maker: Photo Layout),com.volio.layout.photocollage.collagemaker,inapp,removeadssale,USD,9.49,0.00,9.49,SACRAMENTO,CA,95831,US,,,4992313473829035528,Yes,,,
GPA.3335-9506-0215-15654,2023-01-06,1673036111,Charged,rosemary,Buy remove Ads and Compass themes forever (Compass: Direction Compass),com.compass.compassapp.compassfree,inapp,iapforever,EUR,2.72,0.57,3.29,,,,NL,,,4992313473829035528,Yes,,,
GPA.3371-7601-6243-80465..0,2023-01-06,1673043077,Charged,,Pro Version -  Monthly Subscription (Collage Maker: Photo Layout),com.volio.layout.photocollage.collagemaker,subscription,iapmonthly,BRL,21.99,0.00,21.99,Anápolis,GO,75064-270,BR,p1m,,4992313473829035528,Yes,,,
GPA.3381-7099-4854-59574,2023-01-06,1673048828,Charged,OP4F25L1,Super Sale Pro Version (Trim Video & Crop Video),com.volio.cutvideo.trimvideo.cropvideo.videoeditor,inapp,premier.discount,IDR,"18,000.00","1,980.00","19,980.00",Tangerang,Banten,15500,ID,,,4992313473829035528,Yes,,,
GPA.3357-2726-1739-57240..0,2023-01-07,1673051280,Charged,,Premium Version -  Yearly Subscription (Collage Maker: Photo Layout),com.volio.layout.photocollage.collagemaker,subscription,iap1year,NZD,7.82,1.17,8.99,,,8061,NZ,,,4992313473829035528,Yes,,,
GPA.3395-7023-2877-20276..0,2023-01-07,1673051355,Charged,,Premium Version -  Yearly Subscription (Collage Maker: Photo Layout),com.volio.layout.photocollage.collagemaker,subscription,iap1year,USD,4.99,0.00,4.99,MARIETTA,GA,30008,US,,,4992313473829035528,Yes,,,
GPA.3371-3880-5833-07521,2023-01-07,1673052992,Charged,y2q,Buy remove Ads and Compass themes forever (Compass: Direction Compass),com.compass.compassapp.compassfree,inapp,iapforever,NZD,4.34,0.65,4.99,Porirua,,5026,NZ,,,4992313473829035528,Yes,,,
GPA.3328-7101-1475-46991,2023-01-07,1673058092,Charged,o1q, PDF Reader - Permanent Premium (PDF Tools: PDF Reader - Editor),com.pdfreader.pdfeditor.pdfreadeforandroid.pdfeditorforandroidfree,inapp,removeads,USD,6.49,0.00,6.49,ORLANDO,FL,32828,US,,,4992313473829035528,Yes,,,
GPA.3364-3493-0352-64267..2,2023-01-07,1673075121,Charged,,Pro Version -  Monthly Subscription (Live Wallpapers - 3D Wallpaper),com.livewallpaper3D.cool.wallpapers.free.wallpaper4K.parallax,subscription,iapmonthly,GBP,3.16,0.63,3.79,,,,GB,p1m,,4992313473829035528,Yes,,,
GPA.3382-0301-4993-64563,2023-01-07,1673079313,Charged,OP4B79L1,Pro Version -  Monthly Subscription (Live Wallpapers - 3D Wallpaper),com.livewallpaper3D.cool.wallpapers.free.wallpaper4K.parallax,subscription,iapmonthly,AED,16.18,0.81,16.99,,إمارة دبيّ,,AE,p1m,,4992313473829035528,Yes,,,
GPA.3332-6744-4045-78601,2023-01-07,1673089389,Charged,q4q,Remove all Ads forever (Currency & Crypto Converter),currency.currencyconverter.currencyexchangeapp,inapp,iapremoveads,EUR,2.47,0.52,2.99,,,,BE,,,4992313473829035528,Yes,,,
GPA.3323-4218-3500-49586,2023-01-07,1673089907,Charged,a33x,Buy remove Ads and Compass themes forever (Compass: Direction Compass),com.compass.compassapp.compassfree,inapp,iapforever,USD,2.94,0.00,2.94,Luanda,,,AO,,,4992313473829035528,Yes,,,
GPA.3300-9149-8679-37029,2023-01-07,1673097190,Charged,r8q, PDF Reader - Permanent Premium (PDF Tools: PDF Reader - Editor),com.pdfreader.pdfeditor.pdfreadeforandroid.pdfeditorforandroidfree,inapp,removeads,EUR,5.36,1.13,6.49,,,,ES,,,4992313473829035528,Yes,,,
GPA.3355-5047-5814-35270,2023-01-07,1673099557,Charged,Infinix-X662B,Remove all Ads forever (Currency & Crypto Converter),currency.currencyconverter.currencyexchangeapp,inapp,iapremoveads,PKR,480.00,0.00,480.00,Karachi,,,PK,,,4992313473829035528,Yes,,,
GPA.3303-1410-3798-15411,2023-01-07,1673101377,Charged,b0s,Premium Version -  Yearly Subscription (Collage Maker: Photo Layout),com.volio.layout.photocollage.collagemaker,subscription,iap1year,DKK,44.00,11.00,55.00,,,,DK,p1y,,4992313473829035528,Yes,,,
GPA.3395-2240-2095-71066,2023-01-07,1673103496,Charged,1919,Remove ads Forever (Scanner App - PDF Scanner Apps),com.scannerapp.pdfscanner.documentscaner.docscannerappforandroid,inapp,removeadsale,INR,466.10,83.90,550.00,Dist:Bankura,West Bengal,722102,IN,,,4992313473829035528,Yes,,,
GPA.3387-1671-1426-96931,2023-01-07,1673111560,Charged,Power_Armor14_Pro,Buy remove Ads and Compass themes forever (Compass: Direction Compass),com.compass.compassapp.compassfree,inapp,iapforever,EUR,2.66,0.53,3.19,,,,FR,,,4992313473829035528,Yes,,,
GPA.3320-6940-0054-67797,2023-01-07,1673112436,Charged,deen_sprout, PDF Reader - Permanent Premium (PDF Tools: PDF Reader - Editor),com.pdfreader.pdfeditor.pdfreadeforandroid.pdfeditorforandroidfree,inapp,removeads,BRL,33.99,0.00,33.99,São Paulo,SP,02651-120,BR,,,4992313473829035528,Yes,,,
GPA.3368-1711-4220-90541,2023-01-07,1673119759,Charged,Armor_3W,No more Ads 4ever (File Viewer - Office Suite),com.officesuite.fileopener.fileviewer.all.document.reader.word.excel.pptx.pdf,inapp,idtest3,CZK,165.28,34.71,199.99,,,,CZ,,,4992313473829035528,Yes,,,
GPA.3376-9237-1514-72998,2023-01-07,1673121804,Charged,r8q,Pro Version -  Monthly Subscription (Collage Maker: Photo Layout),com.volio.layout.photocollage.collagemaker,subscription,iapmonthly,PLN,19.50,4.49,23.99,,,,PL,p1m,,4992313473829035528,Yes,,,
GPA.3385-9219-7908-18878,2023-01-07,1673122058,Refund,crownlte,Remove all ads (PDF Converter: Photo To PDF),com.pdfconverter.imagetopdf.jpgtopdf.pdfconverterforandroid,inapp,removeads,AED,11.42,-0.57,-11.99,,,,AE,,,4992313473829035528,Yes,,,
GPA.3329-1833-7026-94591..0,2023-01-07,1673130182,Charged,,Premium Version -  Yearly Subscription (Collage Maker: Photo Layout),com.volio.layout.photocollage.collagemaker,subscription,iap1year,NOK,47.20,11.80,59.00,,,,NO,,,4992313473829035528,Yes,,,
GPA.3383-5631-1302-15076,2023-01-07,1673131541,Charged,veux,Premium Version -  Forever (Live Wallpapers - 3D Wallpaper),com.livewallpaper3D.cool.wallpapers.free.wallpaper4K.parallax,inapp,iapforever,CHF,12.00,0.00,12.00,Seon,,5703,CH,,,4992313473829035528,Yes,,,
GPA.3354-7479-6526-49564..0,2023-01-08,1673145395,Charged,,Premium Version -  Yearly Subscription (Collage Maker: Photo Layout),com.volio.layout.photocollage.collagemaker,subscription,iap1year,IDR,"74,000.00","8,140.00","82,140.00",Bogor,KALIMANTAN UTARA,16650,ID,,,4992313473829035528,Yes,,,
GPA.3395-5436-2532-60209,2023-01-08,1673159809,Charged,q4q,Remove ads Forever (Scanner App - PDF Scanner Apps),com.scannerapp.pdfscanner.documentscaner.docscannerappforandroid,inapp,removeadsale,GBP,4.57,0.92,5.49,,,,GB,,,4992313473829035528,Yes,,,
GPA.3399-4040-3642-52234,2023-01-08,1673167904,Charged,cheetah,Premium Version -  Yearly Subscription (Collage Maker: Photo Layout),com.volio.layout.photocollage.collagemaker,subscription,iap1year,AUD,8.63,0.86,9.49,Sydney,NSW,2000,AU,p1y,,4992313473829035528,Yes,,,
GPA.3392-4655-1232-75005,2023-01-08,1673172725,Charged,a13,Remove all Ads forever (Currency & Crypto Converter),currency.currencyconverter.currencyexchangeapp,inapp,iapremoveads,USD,2.94,0.00,2.94,Culfa Şəhəri,,7200,AZ,,,4992313473829035528,Yes,,,
GPA.3335-9650-9331-64669,2023-01-08,1673174009,Charged,c2s,Remove all Ads forever (Currency & Crypto Converter),currency.currencyconverter.currencyexchangeapp,inapp,iapremoveads,EGP,46.99,0.00,46.99,Giza,,,EG,,,4992313473829035528,Yes,,,
GPA.3369-5179-5363-24967,2023-01-08,1673184389,Charged,r8q,No more Ads 4ever (File Viewer - Office Suite),com.officesuite.fileopener.fileviewer.all.document.reader.word.excel.pptx.pdf,inapp,idtest3,EUR,6.60,1.39,7.99,,,,ES,,,4992313473829035528,Yes,,,
GPA.3388-4796-1006-40713,2023-01-08,1673189243,Charged,r0q,Pro Version -  Monthly Subscription (Collage Maker: Photo Layout),com.volio.layout.photocollage.collagemaker,subscription,iapmonthly,USD,3.99,0.29,4.28,Sherman,TX,75092,US,p1m,,4992313473829035528,Yes,,,
GPA.3304-2856-2718-14761,2023-01-08,1673192352,Charged,Note_6,Pro Version -  Monthly Subscription (Live Wallpapers - 3D Wallpaper),com.livewallpaper3D.cool.wallpapers.free.wallpaper4K.parallax,subscription,iapmonthly,CAD,5.49,0.82,6.31,Saint-Jérôme,QC,J5L 2K5,CA,p1m,,4992313473829035528,Yes,,,
GPA.3324-9005-2509-37183..0,2023-01-08,1673195203,Charged,,Premium Version -  Yearly Subscription (Collage Maker: Photo Layout),com.volio.layout.photocollage.collagemaker,subscription,iap1year,IDR,"74,000.00","8,140.00","82,140.00",,,,ID,,,4992313473829035528,Yes,,,
GPA.3380-7585-9101-99991,2023-01-08,1673195270,Charged,angelica, PDF Reader - Permanent Premium (PDF Tools: PDF Reader - Editor),com.pdfreader.pdfeditor.pdfreadeforandroid.pdfeditorforandroidfree,inapp,removeads,MXN,128.45,20.55,149.00,,,86038,MX,,,4992313473829035528,Yes,,,
GPA.3378-4748-6132-72921,2023-01-08,1673195472,Charged,HWLYA,Premium Version -  Permanently (Collage Maker: Photo Layout),com.volio.layout.photocollage.collagemaker,inapp,removeadssale,THB,327.10,22.90,350.00,Bangkok,,,TH,,,4992313473829035528,Yes,,,
GPA.3347-3974-8297-70073,2023-01-08,1673197645,Charged,o1s,Buy remove Ads and Compass themes forever (Compass: Direction Compass),com.compass.compassapp.compassfree,inapp,iapforever,NZD,4.34,0.65,4.99,,,,NZ,,,4992313473829035528,Yes,,,
GPA.3392-9916-7352-39382,2023-01-08,1673203777,Charged,c1s, PDF Reader - Permanent Premium (PDF Tools: PDF Reader - Editor),com.pdfreader.pdfeditor.pdfreadeforandroid.pdfeditorforandroidfree,inapp,removeads,CLP,"5,042.00",958.00,"6,000.00",Punta Arenas,MAGALLANES,,CL,,,4992313473829035528,Yes,,,
GPA.3308-9782-6307-47672,2023-01-08,1673204270,Charged,a31,Buy remove Ads and Compass themes forever (Compass: Direction Compass),com.compass.compassapp.compassfree,inapp,iapforever,EUR,2.66,0.66,3.32,,,,HR,,,4992313473829035528,Yes,,,
GPA.3320-5525-1221-68081,2023-01-08,1673204896,Charged,q2q,Remove all Ads forever (Currency & Crypto Converter),currency.currencyconverter.currencyexchangeapp,inapp,iapremoveads,MYR,12.25,0.74,12.99,,,46000,MY,,,4992313473829035528,Yes,,,
GPA.3344-3722-8323-42945,2023-01-08,1673205061,Charged,a31,iapforever (Time Warp Scan - Face Warp),com.timewarpscan.timewarpfilter.warpscan.slitscan.facescanner,inapp,iapforever,USD,3.79,0.00,3.79,Tucuman,Tucumán,4101,AR,,,4992313473829035528,Yes,,,
GPA.3364-4380-8075-62044,2023-01-08,1673207820,Charged,z3s,Buy remove Ads and Compass themes forever (Compass: Direction Compass),com.compass.compassapp.compassfree,inapp,iapforever,DKK,20.00,5.00,25.00,,,,DK,,,4992313473829035528,Yes,,,
GPA.3370-5368-9279-07465,2023-01-08,1673211895,Charged,gta4lwifi,Buy remove Ads and Compass themes forever (Compass: Direction Compass),com.compass.compassapp.compassfree,inapp,iapforever,GBP,1.24,0.45,1.69,,,,GB,,,4992313473829035528,Yes,,,
GPA.3320-0376-4998-30918,2023-01-08,1673216987,Charged,SC-51B,Premium Version -  Yearly Subscription (Collage Maker: Photo Layout),com.volio.layout.photocollage.collagemaker,subscription,iap1year,JPY,800.00,0.00,800.00,,,9894302,JP,p1y,,4992313473829035528,Yes,,,
GPA.3338-6811-1056-36756,2023-01-08,1673222230,Charged,d2s,Pro Version -  Monthly Subscription (Live Wallpapers - 3D Wallpaper),com.livewallpaper3D.cool.wallpapers.free.wallpaper4K.parallax,subscription,iapmonthly,EUR,3.86,0.73,4.59,,,,DE,p1m,,4992313473829035528,Yes,,,
GPA.3320-6940-0054-67797,2023-01-09,1673242306,Refund,deen_sprout, PDF Reader - Permanent Premium (PDF Tools: PDF Reader - Editor),com.pdfreader.pdfeditor.pdfreadeforandroid.pdfeditorforandroidfree,inapp,removeads,BRL,33.99,0.00,-33.99,São Paulo,SP,02651-120,BR,,,4992313473829035528,Yes,,,
GPA.3380-6263-2639-54439,2023-01-09,1673254114,Charged,FP4,No more Ads 4ever (File Viewer - Office Suite),com.officesuite.fileopener.fileviewer.all.document.reader.word.excel.pptx.pdf,inapp,idtest3,EUR,6.71,1.28,7.99,,,,DE,,,4992313473829035528,Yes,,,
GPA.3330-9690-8577-70384,2023-01-09,1673260836,Charged,p3s,Buy remove Ads and Compass themes forever (Compass: Direction Compass),com.compass.compassapp.compassfree,inapp,iapforever,CHF,2.80,0.00,2.80,Winkel,,8185,CH,,,4992313473829035528,Yes,,,
GPA.3368-4153-5106-63400,2023-01-09,1673262894,Charged,XQ-BT52, PDF Reader - Permanent Premium (PDF Tools: PDF Reader - Editor),com.pdfreader.pdfeditor.pdfreadeforandroid.pdfeditorforandroidfree,inapp,removeads,GBP,4.57,0.92,5.49,,,,GB,,,4992313473829035528,Yes,,,
GPA.3303-0830-1506-67129,2023-01-09,1673267980,Charged,SC-51C,Pro Version -  Monthly Subscription (Collage Maker: Photo Layout),com.volio.layout.photocollage.collagemaker,subscription,iapmonthly,JPY,560.00,0.00,560.00,明石市,兵庫県,6740065,JP,p1m,,4992313473829035528,Yes,,,
GPA.3305-4448-2411-31142,2023-01-09,1673269088,Charged,ASUS_X00QD,Remove ads Forever (Scanner App - PDF Scanner Apps),com.scannerapp.pdfscanner.documentscaner.docscannerappforandroid,inapp,removeadsale,EUR,4.99,1.00,5.99,,,,FR,,,4992313473829035528,Yes,,,
GPA.3305-3044-3951-16531,2023-01-09,1673275964,Charged,x1s,Premium Version -  Yearly Subscription (Collage Maker: Photo Layout),com.volio.layout.photocollage.collagemaker,subscription,iap1year,BRL,29.99,0.00,29.99,Curitiba,PR,80540010,BR,p1y,,4992313473829035528,Yes,,,
GPA.3398-1059-4001-49775,2023-01-09,1673277912,Charged,dreamlte,iapforever (Time Warp Scan - Face Warp),com.timewarpscan.timewarpfilter.warpscan.slitscan.facescanner,inapp,iapforever,EUR,3.52,0.67,4.19,,,,DE,,,4992313473829035528,Yes,,,
GPA.3379-1824-8871-26997,2023-01-09,1673280968,Charged,y2q,Premium Version -  Forever (Live Wallpapers - 3D Wallpaper),com.livewallpaper3D.cool.wallpapers.free.wallpaper4K.parallax,inapp,iapforever,CAD,16.99,2.04,19.03,North Vancouver,BC,V7L 1C5,CA,,,4992313473829035528,Yes,,,
GPA.3373-1372-9832-84242,2023-01-09,1673282710,Charged,kyoto,Buy remove Ads and Compass themes forever (Compass: Direction Compass),com.compass.compassapp.compassfree,inapp,iapforever,EUR,2.72,0.57,3.29,,,,BE,,,4992313473829035528,Yes,,,
GPA.3363-3963-4295-57105,2023-01-09,1673283293,Charged,a32, PDF Reader - Permanent Premium (PDF Tools: PDF Reader - Editor),com.pdfreader.pdfeditor.pdfreadeforandroid.pdfeditorforandroidfree,inapp,removeads,EUR,5.36,1.13,6.49,,,,ES,,,4992313473829035528,Yes,,,
GPA.3367-0625-2105-71744,2023-01-09,1673296889,Charged,river,Remove all Ads forever (Currency & Crypto Converter),currency.currencyconverter.currencyexchangeapp,inapp,iapremoveads,USD,2.99,0.00,2.99,MONTROSS,VA,22520,US,,,4992313473829035528,Yes,,,
GPA.3386-0444-1374-80222,2023-01-10,1673315702,Charged,OP4F2F,Remove all Ads forever (Currency & Crypto Converter),currency.currencyconverter.currencyexchangeapp,inapp,iapremoveads,TRY,22.03,3.96,25.99,,,16000,TR,,,4992313473829035528,Yes,,,
GPA.3310-7494-4029-44733,2023-01-10,1673326317,Charged,SCP_sprout,Buy remove Ads and Compass themes forever (Compass: Direction Compass),com.compass.compassapp.compassfree,inapp,iapforever,AUD,4.17,0.42,4.59,Tarragindi,QLD,4121,AU,,,4992313473829035528,Yes,,,
GPA.3368-1640-2150-40082,2023-01-10,1673328405,Charged,sweet,No more Ads 4ever (File Viewer - Office Suite),com.officesuite.fileopener.fileviewer.all.document.reader.word.excel.pptx.pdf,inapp,idtest3,VND,"169,000.00",0.00,"169,000.00",,,,VN,,,4992313473829035528,Yes,,,
GPA.3324-8143-6132-72758,2023-01-10,1673329746,Charged,2023, PDF Reader - Permanent Premium (PDF Tools: PDF Reader - Editor),com.pdfreader.pdfeditor.pdfreadeforandroid.pdfeditorforandroidfree,inapp,removeads,EUR,5.36,1.13,6.49,,,,ES,,,4992313473829035528,Yes,,,
GPA.3352-7468-4479-66901,2023-01-10,1673340966,Charged,a12s,Buy remove Ads and Compass themes forever (Compass: Direction Compass),com.compass.compassapp.compassfree,inapp,iapforever,MYR,12.25,0.74,12.99,,,,MY,,,4992313473829035528,Yes,,,
GPA.3357-8902-5077-48591,2023-01-10,1673350225,Charged,umi,No more Ads 4ever (File Viewer - Office Suite),com.officesuite.fileopener.fileviewer.all.document.reader.word.excel.pptx.pdf,inapp,idtest3,EUR,6.71,1.28,7.99,,,,DE,,,4992313473829035528,Yes,,,
GPA.3302-1364-2587-21037,2023-01-10,1673355403,Charged,a22x,No more Ads 4ever (File Viewer - Office Suite),com.officesuite.fileopener.fileviewer.all.document.reader.word.excel.pptx.pdf,inapp,idtest3,CHF,6.90,0.00,6.90,Geneve,,1200,CH,,,4992313473829035528,Yes,,,
GPA.3312-7660-8833-65544..0,2023-01-10,1673359794,Charged,,Premium Version -  Yearly Subscription (Collage Maker: Photo Layout),com.volio.layout.photocollage.collagemaker,subscription,iap1year,CAD,6.49,0.77,7.26,Sarto,MB,R0A1X0,CA,p1y,,4992313473829035528,Yes,,,
GPA.3384-9261-6419-02421,2023-01-10,1673360829,Charged,gta7litewifi,Remove ads Forever (Scanner App - PDF Scanner Apps),com.scannerapp.pdfscanner.documentscaner.docscannerappforandroid,inapp,removeadsale,EUR,5.28,1.21,6.49,,,,PT,,,4992313473829035528,Yes,,,
GPA.3309-0883-9723-78280..0,2023-01-10,1673361134,Charged,,Premium Version -  Yearly Subscription (Collage Maker: Photo Layout),com.volio.layout.photocollage.collagemaker,subscription,iap1year,JPY,580.00,0.00,580.00,,,6610965,JP,,,4992313473829035528,Yes,,,
GPA.3395-2240-2095-71066,2023-01-10,1673363656,Refund,1919,Remove ads Forever (Scanner App - PDF Scanner Apps),com.scannerapp.pdfscanner.documentscaner.docscannerappforandroid,inapp,removeadsale,INR,466.10,-83.90,-550.00,Dist:Bankura,West Bengal,722102,IN,,,4992313473829035528,Yes,,,
GPA.3365-1059-5407-76507,2023-01-10,1673367053,Charged,gts210lte, PDF Reader - Permanent Premium (PDF Tools: PDF Reader - Editor),com.pdfreader.pdfeditor.pdfreadeforandroid.pdfeditorforandroidfree,inapp,removeads,THB,210.28,14.72,225.00,Bangpat,กรุงเทพมหานคร,10700,TH,,,4992313473829035528,Yes,,,
GPA.3304-7372-7052-40649,2023-01-10,1673367579,Charged,q4q,Remove all Ads forever (Currency & Crypto Converter),currency.currencyconverter.currencyexchangeapp,inapp,iapremoveads,AED,11.42,0.57,11.99,,إمارة الشارقةّ,,AE,,,4992313473829035528,Yes,,,
GPA.3300-2447-8568-51214..2,2023-01-10,1673370521,Charged,,Pro Version -  Monthly Subscription (Collage Maker: Photo Layout),com.volio.layout.photocollage.collagemaker,subscription,iapmonthly,BRL,21.99,0.00,21.99,Belém,PA,66040033,BR,p1m,,4992313473829035528,Yes,,,
GPA.3357-4742-1575-78549,2023-01-10,1673370859,Charged,r8q,Buy remove Ads and Compass themes forever (Compass: Direction Compass),com.compass.compassapp.compassfree,inapp,iapforever,GBP,2.24,0.45,2.69,,,,GB,,,4992313473829035528,Yes,,,
GPA.3308-2074-9174-57855..0,2023-01-10,1673375147,Charged,,Pro Version -  Monthly Subscription (Live Wallpapers - 3D Wallpaper),com.livewallpaper3D.cool.wallpapers.free.wallpaper4K.parallax,subscription,iapmonthly,HUF,"1,338.00",361.00,"1,699.00",,,,HU,p1m,,4992313473829035528,Yes,,,
GPA.3333-2863-6414-46113,2023-01-10,1673375455,Charged,a30s, PDF Reader - Permanent Premium (PDF Tools: PDF Reader - Editor),com.pdfreader.pdfeditor.pdfreadeforandroid.pdfeditorforandroidfree,inapp,removeads,MXN,128.45,20.55,149.00,,,77716,MX,,,4992313473829035528,Yes,,,
GPA.3367-6956-4630-24640,2023-01-10,1673376898,Charged,coful,iapforever (Time Warp Scan - Face Warp),com.timewarpscan.timewarpfilter.warpscan.slitscan.facescanner,inapp,iapforever,BRL,19.99,0.00,19.99,Vila Velha,ES,29109228,BR,,,4992313473829035528,Yes,,,
GPA.3376-0880-4695-59853,2023-01-10,1673377458,Charged,a13x,Buy remove Ads and Compass themes forever (Compass: Direction Compass),com.compass.compassapp.compassfree,inapp,iapforever,USD,2.99,0.16,3.15,Augusta,ME,04330,US,,,4992313473829035528,Yes,,,
GPA.3306-0691-0246-87849,2023-01-10,1673381667,Charged,d2s,Remove all Ads forever (Currency & Crypto Converter),currency.currencyconverter.currencyexchangeapp,inapp,iapremoveads,EUR,2.47,0.52,2.99,,,,NL,,,4992313473829035528,Yes,,,
GPA.3326-5672-8489-52856,2023-01-10,1673381964,Charged,cheetah,Premium Version -  Permanently (Collage Maker: Photo Layout),com.volio.layout.photocollage.collagemaker,inapp,removeadssale,USD,9.49,0.96,10.45,BOTHELL,WA,98028,US,,,4992313473829035528,Yes,,,
GPA.3337-7090-7305-39163..0,2023-01-10,1673387149,Charged,,Premium Version -  Yearly Subscription (Collage Maker: Photo Layout),com.volio.layout.photocollage.collagemaker,subscription,iap1year,BRL,28.99,0.00,28.99,São Paulo,SP,08460-000,BR,,,4992313473829035528,Yes,,,
GPA.3349-9993-0258-62365,2023-01-10,1673389748,Charged,Infinix-X668,Remove all Ads forever (Currency & Crypto Converter),currency.currencyconverter.currencyexchangeapp,inapp,iapremoveads,INR,220.34,39.66,260.00,Saharanpur,Uttar Pradesh,247231,IN,,,4992313473829035528,Yes,,,
GPA.3374-2270-7156-08699..0,2023-01-10,1673391004,Charged,,Premium Version -  Yearly Subscription (Collage Maker: Photo Layout),com.volio.layout.photocollage.collagemaker,subscription,iap1year,EUR,4.46,1.03,5.49,,,,IE,,,4992313473829035528,Yes,,,
GPA.3330-5142-9608-57138,2023-01-10,1673392676,Charged,oriole,Premium Version -  Yearly Subscription (Collage Maker: Photo Layout),com.volio.layout.photocollage.collagemaker,subscription,iap1year,GBP,4.99,1.00,5.99,,,,GB,p1y,,4992313473829035528,Yes,,,
GPA.3360-4980-6216-56119,2023-01-10,1673393085,Charged,crownlte,Buy remove Ads and Compass themes forever (Compass: Direction Compass),com.compass.compassapp.compassfree,inapp,iapforever,VND,"69,000.00",0.00,"69,000.00",,,,VN,,,4992313473829035528,Yes,,,
